mlr, Sun Oct 01 20:26:21 2017, ifs C2 & -C2 on C1, c("V2", "V3", "V4", "V5", "V6", "V7", "V8", "V9", "V10")
mlr, Sun Oct 01 20:26:21 2017, ifs C2 & -C2 on C1, c("numeric", "numeric", "numeric", "numeric", "numeric", "numeric", "numeric", "numeric", "numeric")
mlr, Sun Oct 01 20:26:21 2017, ifs C2 & -C2 on C1, c(0.143632227846339, 0.00503126574621819, -0.00188041567273686, -0.0141248753471445, -0.00784865222431315, -0.00778983249850679, -0.00106318224891184, 0.0450084377204743, -0.00524452293996671)
mlr, Sun Oct 01 20:26:21 2017, ifs C2 & -C2 on C1, c(0.0121822412061744, 0.00377747142943032, -0.000270539097850686, -0.000248399598692626, -1.96387163994357e-05, -0.000722810425147787, -0.000231776200381699, 0.00363794607815874, -0.000671951266140556)
mlr, Sun Oct 01 20:26:21 2017, ifs C2 & -C2 on C1, c(-0.0162123491251121, -0.0448687415576786, -0.0540720076299418, -0.0688449646982111, -0.0562139305125628, -0.0409895021914583, -0.042231175153038, -0.0326704987980681, -0.0747986006369339)
