avNNe,1,0,0,0
kknn,77,0,0,0
cubist,79,0,0,0
xgbLinear,79,0,0,0
RRF,77,0,0,0
pcaNNet,78,0,0,0
earth,77,0,0,0
gbm,79,0,0,0
enet,77,0,0,0
lasso,77,0,0,0
BstLm,76,0,0,0
foba,76,0,0,0
leapBackward,76,0,0,0
gcvEarth,76,0,0,0
SBC,76,0,0,0
gamboost,76,0,0,0
ctree2,78,0,0,0
relaxo,76,0,0,0
bartMachine,76,0,0,0
extraTrees,75,0,0,0
randomGLM,1,0,0,0
avNNet,72,2,0,0.0277777777777778
nnet,77,2,2,0.051948051948052
gam,18,14,0,0.777777777777778
bam,57,53,0,0.929824561403509
,3,3,0,1
glm.nb,18,18,0,1
